Topic,Count,Name,Representation,Representative_Docs
-1,69,-1_infringe_editing_legal_generative,"['infringe', 'editing', 'legal', 'generative', 'algorithm', 'language', 'doctrine', 'courts', 'sofware', 'cases']","['another option could be that the algorithm could be used in way that would not infringe copyrights', 'in this context the courts will have to address number of legal questions such as whether fair use doctrine or tdm exceptions are applicable', 'chatgpt answers how large language models use copyright protected material for training here how large language models are developed and trained with respect to data fair use and transformative use developers collect large and diverse datasets for training which may include publicly available text from the internet books and other sources']"
0,39,0_malware_phishing_malicious_ransomware,"['malware', 'phishing', 'malicious', 'ransomware', 'emails', 'ransom', 'notpetya', 'microsoft', 'access', 'alcoa']","['chatgpt refuses to answer which malware is the most efficient sorry but can not provide or guidance on creating or using malicious software malware', 'these malware strains often combine ransomware tactics with like propagation methods to quickly spread across networks and here are few notable examples bad rabbit bad rabbit is ransomware attack that emerged in', 'phisher hacker site customer phishing email credentials prompt credentials upload phishing kit phishing email credentials profit email produced by chatgpt image generated using generative artificial intelligence the impact on intellectual property crimes trademark registration invoice fraud sicriminals frequently target ip right holders by establishing companies that offer superfluous or bogus services such as registration for private ip register or supposed ip watch services that are never dvered']"
1,38,1_criminal_criminals_safeguards_tools,"['criminal', 'criminals', 'safeguards', 'tools', 'fraudgpt', 'cybercrime', 'europol', 'judiciary', 'search', 'report']","['as europol report of chatgpt shows generative can be used to help criminals in wide variety of criminal activities including fraud incitement of hate terrorism and various applications of cybercrime', 'finally the paper will examine how criminals can use it to advance their criminal activities', 'this paper will look into different categories of ip crimes and how criminals can abuse the potential of generative for their criminal activities']"
2,32,2_crimes_impact_generative_cybercriminals,"['crimes', 'impact', 'generative', 'cybercriminals', 'goods', 'protection', 'tools', 'wholesaler', 'legislators', 'criminals']","['rojust generative artificial intelligence the impact on intellectual property generated using november gerative artificial intelligce the impact on intellectual property crimes generative artificial intelligence the impact on intellectual property crimes this document was prepared by the intellectual property crime prect at the european union agency for criminal justice cooperation eurust', 'generative artificial intelligence the impact on intellectual property crimes how are cybercriminals using chatgpt', 'generative artificial intelligence the impact on intellectual property crimes what is generative']"
3,29,3_data_training_copyrighted_publicly,"['data', 'training', 'copyrighted', 'publicly', 'collected', 'protected', 'copyright', 'sued', 'developers', 'brain']","['claim that copyright is removed from training data in november group of programmers sued github and open over the tool github copilot alleging among other things that the tool improperly removes copyright management from the code in its training data in violation of the us digital millennium copyright act and reproduces code in its training data without license agreement stipulations such as attributing the code to its original author', 'publicly available and openly licensed data developers typically focus on using publicly available data and data with open licenses where the copyright holders have granted permission for their content to be used in training', 'generative training process collection of publicly available data processing the collected data selection of training model initial training validation generative artificial intelligence the impact on intellectual property crimes however the use of copyrighted works remains an unsettled issue raising the question of whether such use is permissible']"
4,27,4_alcohol_fermentation_sugars_process,"['alcohol', 'fermentation', 'sugars', 'process', 'distillation', 'yeast', 'starches', 'substances', 'consume', 'mashing']","['fermentation is natural metabolic process that converts sugar into alcohol and carbon dioxide with the help of yeast or bacteria', 'the consume the sugar and convert it into alcohol and carbon dioxide through the process of fermentation', 'chatgpt answers how to produce alcohol july alcohol can be produced through process called fermentation']"
5,21,5_chatgpt_trademark_payment_invoice,"['chatgpt', 'trademark', 'payment', 'invoice', 'registration', 'application', 'prompt', 'extension', 'address', 'ipo']","['however chatgpt generated draft invoice for trademark registration extension after the prompt was modified to more generic one', 'chatgpt drafts invoice for trademark registration application subject request for extension of trademark registration trademark name dear trademark owner name hope this email finds you well', 'chatgpt drafts invoice for trademark registration application your company name your address city state zip phone number email address website invoice invoice number invoice number date date bill to trademark owner name trademark owner address city state zip description quantity unit price total amount trademark registration application fee quantity unit price total amount subtotal subtotal amount tax tax amount total amount due total amount due payment terms specify your payment terms payment within days payment method specify the accepted payment methods please make payment to the account bank name bank name account name account name account number account number routing number routing number notes or additional information any notes or if you have any questions ing this invoice or need further clarification please don hesitate to contact us at your phone number or your email address']"
6,20,6_ip_tor_proxy_geolocation,"['ip', 'tor', 'proxy', 'geolocation', 'vpn', 'browsers', 'traffic', 'proxies', 'vpns', 'routing']","['proxy services and vpns using proxy services or virtual private networks vpns can help obscure the true ip address and location associated with username', 'use virtual private network vpn vpn masks your ip address by routing your internet traffic through server located in different location', 'public using public networks can help mask your ip address because you ll be accessing the internet through the network ip address instead']"
7,20,7_invoices_ipc_names_infringements,"['invoices', 'ipc', 'names', 'infringements', 'criminals', 'fraudulent', 'emails', 'registration', 'scammers', 'services']","['yours sincerely your name your position european union intellectual property office ipo your contact information generative artificial intelligence the impact on intellectual property crimes to accomplish their goal criminals frequently imitate the activities of official ip offices using names and logos that seem sound authentic', 'criminals also frequently send invoices seeking costs and passing these off as part of the standard ip registration process or selling fake registration renewal services which adversely impair ip rights protection', 'identifying illegal streaming platform platform pops up under different name successfully targeting the roots of pirated platforms immediate takedown following payment methods identifying group identifying ip address identifying username or handle generative artificial intelligence the impact on intellectual property crimes chatgpt answers on how to conceal ip address if you want to make sure your ip address is not easily detected or tracked here are some steps you can take']"
8,20,8_copyright_author_claim_guidnes,"['copyright', 'author', 'claim', 'guidnes', 'comic', 'polish', 'originality', 'protected', 'judgment', 'labour']","['creative works qualify for copyright protection if they are original with most definitions of originality requiring human author', 'this is commonly interpreted to mean that an original work must reflect the author personality implying that human author is required for copyright work to exist', 'this option could be possible according to the uk copyright designs and patents act which states in the case of literary dramatic musical or artistic work which is the author shall be taken to be the person by whom the arrangements necessary for the creation of the work are the provision does not however directly address how work could satisfy the classic requirement that copyrighted works be british courts measure originality by reference to characteristics typically associated with human intellect namely skill labour and judgment']"
9,19,9_adderall_amphetamine_dextroamphetamine_xr,"['adderall', 'amphetamine', 'dextroamphetamine', 'xr', 'excipients', 'tablets', 'dosage', 'formulations', 'prescription', 'purification']","['here general overview of how adderall is typically made synthesis of active ingredients amphetamine and dextroamphetamine the active ingredients amphetamine and dextroamphetamine are synthesized through chemical reactions that involve starting materials and specific processes', 'chatgpt answers how to make adderall adderall xr generic name amphetamine adderall is prescription medication that contains combination of amphetamine and dextroamphetamine both of which are central nervous stimulants', 'excerpt of adderall medication label produced by chatgpt adderall xr generic name amphetamine aspartate monohydrate amphetamine sulfate dextroamphetamine saccharate dextroamphetamine sulfate indications adderall xr is indicated for the treatment of attention deficit hyperactivity disorder adhd']"
10,18,10_purposes_research_mining_extraction,"['purposes', 'research', 'mining', 'extraction', 'tdm', 'data', 'copyright', 'exceptions', 'technologies', 'digital']","['research and scientific purposes the tdm exception in the copyright directive is intended to facilitate the use of copyrighted materials for research and scientific purposes', 'paragraph of this makes an exception for the use of copies and digital reproductions made from lawful source for the purposes of mining text and data included in or associated with scientific publications for public research purposes excluding all commercial purposes', 'the first exception allows the use of copyright protected material only for research purposes while the second exception encompasses much broader class of users it allows acts of reproduction and extraction for the purposes of text and data mining']"
11,18,11_legislative_policy_issues_proposed,"['legislative', 'policy', 'issues', 'proposed', 'regulations', 'courts', 'revision', 'stages', 'hearing', 'negotiation']","['the aim of this law is to modify the intellectual property code by filling in the legislative gaps that left lot of open questions ing the regulation of', 'while the need for legislative regulation is unquestionable lot of practical considerations on the implementation of this law are still to be answered', 'legislative regulation read the act']"
12,17,12_generative_generate_models_generation,"['generative', 'generate', 'models', 'generation', 'discriminator', 'adversarial', 'generator', 'programs', 'trained', 'predictions']","['computer programs known as generative can generate new images messages and other content or outputs in response to user textual requests or inputs', 'unlike traditional models that are primarily focused on classification prediction or optimization tasks generative models aim to create new data that is similar to the input data they were trained on', 'code generation software development generative can be leveraged in software development thanks to its ability to generate code without manual coding']"
13,16,13_grey_stores_market_sales,"['grey', 'stores', 'market', 'sales', 'items', 'prices', 'options', 'istanbul', 'discount', 'marketplaces']","['these stores and events often offer clothing items', 'explore local markets turkey has various local markets bazaars and flea markets where you may find range of clothing items at discounted prices', 'chatgpt answers how to find grey market for clothing in turkey selling grey market goods can be complex legal finding the grey market for clothing in turkey or any other country can be challenging as it involves unofficial or unauthorized sales channels']"
14,16,14_painting_artists_art_paintings,"['painting', 'artists', 'art', 'paintings', 'rembrandt', 'dataset', 'similarities', 'authors', 'include', 'produced']","['using paintings to create new art the next rembrandt is generated painting developed by algorithm that scanned data from known paintings by the dutch painter in process lasting months', 'similarly in the third scenario individual artists would have to demonstrate significant similarities between their work and work produced by large number of different artists', 'similarly in the third scenario individual artists would have to demonstrate significant similarities between their work and work produced by large number of different artists']"
15,15,15_images_tools_create_audio,"['images', 'tools', 'create', 'audio', 'poems', 'types', 'generative', 'models', 'art', 'creative']","['additional developments such as large language models llm type of learning model that can perform processing tasks such as classifying text answering questions and translating text have opened new era in which generative models can write engaging text paint photorealistic images and even create poems and novels', 'image creation music on styles of input analyse large datasets of existing music and then generate new compositions on the analysis music creation generator can produce realistic speech audio from written text', 'create images on text input new images modify and complete existing images create art in any desired style scientific work these tools allow users to insert to the tools which in turn produces realistic images']"
16,15,16_watermarks_remove_watermark_inpaint,"['watermarks', 'remove', 'watermark', 'inpaint', 'unethical', 'photoshop', 'sofware', 'images', 'erase', 'pixels']","['similar to photoshop it can be used to remove visible watermarks', 'chatgpt answers which software is used to remove digital watermarks it is important to note that removing watermarks without proper authorization is generally unethical and potentially illegal', 'chatgpt refuses to answer how to remove digital watermarks sorry but can not assist you with unethical or illegal activities such as removing watermarks from copyrighted images or content']"
17,14,17_french_public_code_rights,"['french', 'public', 'code', 'rights', 'tmd', 'copyright', 'legislation', 'forbid', 'remuneration', 'exploitation']","['the proposed law tackles concerns such as the need for authors consent author remuneration and the transparency of the proposed french law makes number of changes to the french intellectual property code the most prominent of which is the modification to article', 'similarly article of the romanian law copyright and related rights provides list of instances in which third parties can use previously made public works provided that this use is in with good practice normal exploitation of the work and does not prejudice author rights', 'article of the french intellectual property code for example states that publicly available copyrighted works may be used for private reasons diverse performances and other public use as long as no economic profit is intended']"
18,14,18_song_voice_drake_voices,"['song', 'voice', 'drake', 'voices', 'singer', 'imitated', 'likeness', 'artists', 'data', 'performing']","['in case involving the use of song in tv commercial where the singer imitated the style of another artist us court determined that when professional singer distinctive voice is widely known and is dberately imitated in order to sell product the sellers have appropriated what is not theirs and committed tort', 'in broad terms music in the style of another person is not derivative work under copyright law and is permissible especially if the song writer refers to the song as tribute to drake and the weekend or states that the song was written to sound like these artists', 'case study created song with the voices of drake and the weekend tiktok user who also claims to be song writer wrote song entitled heart on my sleeve and used to imitate the voices of drake and the weekend performing this song']"
19,14,19_read_report_case_study,"['read', 'report', 'case', 'study', '', '', '', '', '', '', '', '', '', '', '', '', '', '', '', '', '', '', '', '', '', '', '', '', '', '']","['read more', 'read more', 'read more']"
20,14,20_registry_patent_agency_trademark,"['registry', 'patent', 'agency', 'trademark', 'ipo', 'agreement', 'uk', 'registration', 'organisations', 'rights']","['euro patent and trademark authority', 'euro intellectual property registry', 'the intellectual property crime prect is funded by the european union intellectual property office ipo and executed by eurust under the terms agreed in the service level agreement signed between the two organisations in march']"
21,13,21_account_password_activity_reset,"['account', 'password', 'activity', 'reset', 'settings', 'resetting', 'client', 'warrants', 'log', 'authentication']","['subject important unusual account activity detected reset your password dear client name we hope this message finds you well', 'chatgpt answers the prompt need to create an email about the unusual activities of my client account with link to reset the password but that the email would not be as phishing attack', 'reset your password to your account security we strongly recommend resetting your password']"
22,13,22_logos_counterfeit_logo_design,"['logos', 'counterfeit', 'logo', 'design', 'phenomenon', 'original', 'prompts', 'criminals', 'meeting', 'illustrates']","['the generative can be used to design logos and labels and give the technical expertise required in the production of counterfeit products such as counterfeit apparel or counterfeit medication', 'generative could be used to create appropriate images for counterfeit items such as to design logo that is close to the original company logo', 'dale immense capacity would allow criminals to change the prompts to design logos that seem very close to the original while not meeting the level of possibility of confusion which is critical factor in court procedure']"
23,12,23_tdm_exception_training_nature,"['tdm', 'exception', 'training', 'nature', 'data', 'applicability', 'motive', 'falls', 'complaint', 'permits']","['commercial use the tdm exception is generally intended for commercial research', 'chatgpt answers whether tdm exception is applicable to the training process the text and data mining tdm exception in the european union copyright directive is primarily aimed at promoting tdm for research purposes', 'if training is for commercial purposes it may not fall under the tdm exception']"
24,10,24_model_training_phase_stage,"['model', 'training', 'phase', 'stage', 'patterns', 'extrapolating', 'learns', 'progresses', 'validation', 'predict']","['the first stage is to feed the obtained data into the training model and instruct it to respond to prompt', 'depending on the purpose of the the appropriate training model set of algorithms needs to be selected to use the collected data for further training', 'after the model has been updated the training progresses to the validation stage where new set of data is provided to the to test the accuracy of the responses it provides']"
25,10,25_parallel_goods_counterfeit_imports,"['parallel', 'goods', 'counterfeit', 'imports', 'counterfeiting', 'market', 'trademark', 'litigation', 'acquittal', 'illegal']","['parallel imports are the unauthorised distribution channels of goods that are obtained without the authorisation of the brand', 'parallel imports do not always refer to counterfeit products for this reason the national case law is very diverse', 'the district court in poland determined that the use of counterfeit trademark is unlawful in principle because the holder of the right of protection of the original chatgpt answers whether selling grey market goods is illegal selling grey market goods can be complex legal issue and may vary depending on the jurisdiction and specific circumstances']"
26,10,26_court_estonia_russia_italy,"['court', 'estonia', 'russia', 'italy', 'germany', 'spread', 'requirement', 'poland', 'eurust', 'originality']","['court of justice of the european union', 'it spread rapidly through eastern europe and russia', 'the requirement of originality has also been confirmed by the court of justice of the european union']"
27,10,27_trademark_registration_extension_ipo,"['trademark', 'registration', 'extension', 'ipo', 'expiration', 'safeguard', 'brand', 'identity', 'applying', 'maintain']","['we have recently reviewed the status of your trademark registration for trademark name and wanted to bring to your attention the upcoming expiration date', 'our team of experts can assist you in navigating the necessary procedures clarifying any queries and ensuring smooth and successful extension of your trademark registration', 'as your trademark registration approaches its expiration date we would like to offer our assistance in ensuring the continuation of your trademark rights within the european union']"
28,9,28_cardiovascular_risks_symptoms_psychiatric,"['cardiovascular', 'risks', 'symptoms', 'psychiatric', 'disturbances', 'cardiomyopathy', 'prescribing', 'psychotic', 'seizures', 'thoughts']","['psychiatric adverse reactions monitor patients for worsening or emergence of psychotic or manic symptoms aggression and suicidal thoughts', 'precautions prior medical conditions inform your healthcare provider of any preexisting medical conditions including cardiovascular disease mental health disorders high blood pressure or seizures', 'cardiovascular risks evaluate patients with preexisting cardiac abnormalities before initiating treatment']"
29,9,29_infringement_copying_liability_infringing,"['infringement', 'copying', 'liability', 'infringing', 'establish', 'rembrandt', 'copyright', 'copyrights', 'implicates', 'attributed']","['thus copying substantial portions of expressive copyrighted works even for purposes implicates the reproduction right and in the absence of an applicable exception is an act of copyright infringement', 'for example should the copyrights still be applicable in the case of next rembrandt the question is whether copyright infringement can be claimed when the goal was to produce work which could be attributed to rembrandt stylistically', 'it is necessary to prove that there was an intention to produce infringing material work produced by an independent artist which is accidentally similar to the original work would not raise criminal liability']"
30,9,30_books_google_doctrine_criticism,"['books', 'google', 'doctrine', 'criticism', 'print', 'framework', 'copies', 'copyrighted', 'digitalising', 'stricter']","['such use would generally be supported by the fair use doctrine as it was established in the google books case', 'this doctrine provides the statutory framework for determining whether something is fair use and identifies certain types of uses such as criticism comment news reporting teaching scholarship and research as examples of activities that may qualify as fair use', 'digitalising and storing is fair use the fair use theory was tested in the google books case where the courts analysed whether the use of digital copies of print books to create google books constitutes copyright infringement']"
31,9,31_usernames_trace_connections_pseudonyms,"['usernames', 'trace', 'connections', 'pseudonyms', 'common', 'user', 'challenging', 'individual', 'identity', 'digital']","['no personal information usernames that do not include any personal such as names or birthdates are harder to connect to real identity', 'chatgpt gives tips how to create hard to trace usernames here are some factors that might contribute to making usernames harder to trace', 'multiple online identities using different usernames on different platforms and not using the same username across multiple sites can make it harder to link accounts']"
32,9,32_paintings_copies_marketplace_artwork,"['paintings', 'copies', 'marketplace', 'artwork', 'artists', 'creators', 'copyright', 'remix', 'lawsuit', 'deviantart']","['claim that companies did not obtain consent in january three artists filed class action lawsuit against stability deviantart and midjourney for their use of the generating models stable diffusion and midjourney', 'the resulting images then compete with the originals on the open marketplace flooding it with an endless number of copies or near copies that permanently damage artists ability to participate in the marketplace', 'according to the claim stable diffusion uses unauthorised copies of millions if not billions of copyrighted images to train generative to remix these works to derive or generate more works of the same kind without the knowledge or consent of the original artists']"
33,8,33_generative_gather_manufacture_category,"['generative', 'gather', 'manufacture', 'category', 'evolving', 'fall', 'technologies', 'safeguards', 'type', 'knowledge']","['the generative is constantly evolving and safeguards being added', 'the generative can be used to gather knowledge do research and even manufacture package parts', 'however we would be making huge mistake by saying that generative are bad thing']"
34,8,34_doctrine_copyrighted_crimes_freedom,"['doctrine', 'copyrighted', 'crimes', 'freedom', 'justified', 'legality', 'limitations', 'policymakers', 'provisions', 'regulating']","['requirements for copyright protection human authorship originality generative artificial intelligence the impact on intellectual property crimes legal provisions in the member states majority of member states indicate that copyrights can only protect works produced by human creativity', 'generative artificial intelligence the impact on intellectual property crimes lawsuits challenging the legality of the use of copyrighted works for training in the united states while there are indications that the fair use doctrine may apply to the training process copyright holders argue that adequate consent is required to use copyrighted work for training', 'generative artificial intelligence the impact on intellectual property crimes fair use doctrine in the united states in the united states the use of protected works is justified by the fair use doctrine which aims to encourage the use of protected work to promote freedom of expression us code limitations of exclusive rights fair use']"
35,8,35_assisting_appreciate_prompt_facilitate,"['assisting', 'appreciate', 'prompt', 'facilitate', 'guidance', 'contact', 'require', 'extension', 'step', 'support']","['we appreciate your prompt attention to this matter', 'thank you for your attention to this matter', 'your prompt attention to this matter is greatly appreciated']"
